,album,artists,duration_ms,explicit,href,id,name,popularity,preview_url,track_number,type,uri,acousticness,analysis_url,danceability,duration_ms,energy,id,instrumentalness,key,liveness,loudness,mode,speechiness,tempo,time_signature,track_href,type,uri,valence
0,The Last Stand,Sabaton,238517,False,https://api.spotify.com/v1/tracks/4luL1R4A2u0nesFPaJX0s8,4luL1R4A2u0nesFPaJX0s8,The Last Stand,55,https://p.scdn.co/mp3-preview/4a01e6482341dd3cb514912629eba8660f6ccf75?cid=452833d434b043269289f61fa9bfbf09,7,track,spotify:track:4luL1R4A2u0nesFPaJX0s8,0.00443,https://api.spotify.com/v1/audio-analysis/4luL1R4A2u0nesFPaJX0s8,0.511,238518,0.947,4luL1R4A2u0nesFPaJX0s8,0.0,7,0.117,-4.917,0,0.0457,104.046,4,https://api.spotify.com/v1/tracks/4luL1R4A2u0nesFPaJX0s8,audio_features,spotify:track:4luL1R4A2u0nesFPaJX0s8,0.491
1,When Sparks Ignite,Darkhaus,248960,False,https://api.spotify.com/v1/tracks/4lzDJauxyAWzUNNmwImSkJ,4lzDJauxyAWzUNNmwImSkJ,After The Heartache,36,https://p.scdn.co/mp3-preview/c9ff499047d66c3f9b595e0a2ba6cf473466518f?cid=452833d434b043269289f61fa9bfbf09,5,track,spotify:track:4lzDJauxyAWzUNNmwImSkJ,0.000144,https://api.spotify.com/v1/audio-analysis/4lzDJauxyAWzUNNmwImSkJ,0.594,248960,0.893,4lzDJauxyAWzUNNmwImSkJ,0.000958,6,0.151,-4.478,0,0.0405,128.017,4,https://api.spotify.com/v1/tracks/4lzDJauxyAWzUNNmwImSkJ,audio_features,spotify:track:4lzDJauxyAWzUNNmwImSkJ,0.774
2,The Inner Sanctum,Saxon,209773,False,https://api.spotify.com/v1/tracks/0htcfA4rJdCeozrai9MEM7,0htcfA4rJdCeozrai9MEM7,Let Me Feel Your Power,0,,3,track,spotify:track:0htcfA4rJdCeozrai9MEM7,9.74e-05,https://api.spotify.com/v1/audio-analysis/0htcfA4rJdCeozrai9MEM7,0.278,209773,0.995,0htcfA4rJdCeozrai9MEM7,0.000135,8,0.295,-3.641,0,0.0756,174.994,4,https://api.spotify.com/v1/tracks/0htcfA4rJdCeozrai9MEM7,audio_features,spotify:track:0htcfA4rJdCeozrai9MEM7,0.0691
3,Bringer of Pain,Battle Beast,273520,False,https://api.spotify.com/v1/tracks/1wpiJznxsgVPfWS8Qepxcj,1wpiJznxsgVPfWS8Qepxcj,King for a Day,49,https://p.scdn.co/mp3-preview/9529722c396dec33e44024334a7717d602ad3d23?cid=452833d434b043269289f61fa9bfbf09,3,track,spotify:track:1wpiJznxsgVPfWS8Qepxcj,0.00112,https://api.spotify.com/v1/audio-analysis/1wpiJznxsgVPfWS8Qepxcj,0.608,273520,0.922,1wpiJznxsgVPfWS8Qepxcj,0.000212,6,0.312,-5.524,0,0.0501,104.99,4,https://api.spotify.com/v1/tracks/1wpiJznxsgVPfWS8Qepxcj,audio_features,spotify:track:1wpiJznxsgVPfWS8Qepxcj,0.775
4,Inverted Grasp of Balance,Monte Pittman,260814,False,https://api.spotify.com/v1/tracks/53GyVN1pryld91E1ksDxgW,53GyVN1pryld91E1ksDxgW,Arisen in Broad Daylight,32,https://p.scdn.co/mp3-preview/e75e2df9ff92dd616aea55d5957ee7bb6cb3a2c0?cid=452833d434b043269289f61fa9bfbf09,2,track,spotify:track:53GyVN1pryld91E1ksDxgW,0.000471,https://api.spotify.com/v1/audio-analysis/53GyVN1pryld91E1ksDxgW,0.435,260814,0.985,53GyVN1pryld91E1ksDxgW,0.000705,1,0.695,-4.259,1,0.233,172.982,4,https://api.spotify.com/v1/tracks/53GyVN1pryld91E1ksDxgW,audio_features,spotify:track:53GyVN1pryld91E1ksDxgW,0.32
5,Steel Meets Steel: 10 Years of Glory,Hammerfall,270233,False,https://api.spotify.com/v1/tracks/1ieKy4BjEOZt5Se6V6e7sD,1ieKy4BjEOZt5Se6V6e7sD,Last Man Standing,44,https://p.scdn.co/mp3-preview/7e7b3145e2dc39b504a577b90ebbccfc7a224947?cid=452833d434b043269289f61fa9bfbf09,2,track,spotify:track:1ieKy4BjEOZt5Se6V6e7sD,0.0447,https://api.spotify.com/v1/audio-analysis/1ieKy4BjEOZt5Se6V6e7sD,0.533,270233,0.803,1ieKy4BjEOZt5Se6V6e7sD,0.0,2,0.392,-6.702,0,0.0376,109.998,4,https://api.spotify.com/v1/tracks/1ieKy4BjEOZt5Se6V6e7sD,audio_features,spotify:track:1ieKy4BjEOZt5Se6V6e7sD,0.172
6,Disciples of the Sun,Pyramaze,262320,False,https://api.spotify.com/v1/tracks/6QBNeP7vcWqbH4hXkx3dhs,6QBNeP7vcWqbH4hXkx3dhs,Back for More,37,https://p.scdn.co/mp3-preview/afb2b4f31a41f71eae3d77e1d6d4988a15283f5a?cid=452833d434b043269289f61fa9bfbf09,4,track,spotify:track:6QBNeP7vcWqbH4hXkx3dhs,4.9e-05,https://api.spotify.com/v1/audio-analysis/6QBNeP7vcWqbH4hXkx3dhs,0.383,262320,0.988,6QBNeP7vcWqbH4hXkx3dhs,0.035,4,0.352,-4.869,0,0.133,148.038,4,https://api.spotify.com/v1/tracks/6QBNeP7vcWqbH4hXkx3dhs,audio_features,spotify:track:6QBNeP7vcWqbH4hXkx3dhs,0.201
7,Take A Look In The Mirror,Korn,244493,False,https://api.spotify.com/v1/tracks/16Z6q8BukGaCFUZZTUs90n,16Z6q8BukGaCFUZZTUs90n,Did My Time,7,https://p.scdn.co/mp3-preview/d1a528088ad1fc72ca1936a3db129af2673f3dc4?cid=452833d434b043269289f61fa9bfbf09,6,track,spotify:track:16Z6q8BukGaCFUZZTUs90n,5.9e-05,https://api.spotify.com/v1/audio-analysis/16Z6q8BukGaCFUZZTUs90n,0.546,244493,0.864,16Z6q8BukGaCFUZZTUs90n,0.00224,1,0.304,-3.893,1,0.0475,93.022,4,https://api.spotify.com/v1/tracks/16Z6q8BukGaCFUZZTUs90n,audio_features,spotify:track:16Z6q8BukGaCFUZZTUs90n,0.256
8,Immortals,Firewind,232080,False,https://api.spotify.com/v1/tracks/2kKTBbcLTclXiiaP02Pgq1,2kKTBbcLTclXiiaP02Pgq1,We Defy,36,https://p.scdn.co/mp3-preview/3ee75f7d29faca390d6d592bb238119fa64db1cf?cid=452833d434b043269289f61fa9bfbf09,2,track,spotify:track:2kKTBbcLTclXiiaP02Pgq1,1.8e-06,https://api.spotify.com/v1/audio-analysis/2kKTBbcLTclXiiaP02Pgq1,0.438,232080,0.987,2kKTBbcLTclXiiaP02Pgq1,0.0499,2,0.529,-4.45,1,0.181,142.468,3,https://api.spotify.com/v1/tracks/2kKTBbcLTclXiiaP02Pgq1,audio_features,spotify:track:2kKTBbcLTclXiiaP02Pgq1,0.165
9,We Will Never Die,Days Of Jupiter,300800,False,https://api.spotify.com/v1/tracks/5A4MWD5i4FF4K36iG66xzF,5A4MWD5i4FF4K36iG66xzF,We Will Never Die,31,https://p.scdn.co/mp3-preview/99dc689b1d8cdeaecb6c8db4b2ae17c03fcdfe52?cid=452833d434b043269289f61fa9bfbf09,1,track,spotify:track:5A4MWD5i4FF4K36iG66xzF,0.000333,https://api.spotify.com/v1/audio-analysis/5A4MWD5i4FF4K36iG66xzF,0.37,300800,0.925,5A4MWD5i4FF4K36iG66xzF,0.00678,4,0.0913,-5.443,0,0.0725,166.99,4,https://api.spotify.com/v1/tracks/5A4MWD5i4FF4K36iG66xzF,audio_features,spotify:track:5A4MWD5i4FF4K36iG66xzF,0.324
10,The Northern Sanctuary,Witherscape,265675,False,https://api.spotify.com/v1/tracks/2sAmk7SFgXBbMXBcvK1t3D,2sAmk7SFgXBbMXBcvK1t3D,Rapture Ballet,31,https://p.scdn.co/mp3-preview/41dab2465e9608f989703ff381f667202a7cadb6?cid=452833d434b043269289f61fa9bfbf09,3,track,spotify:track:2sAmk7SFgXBbMXBcvK1t3D,2.78e-05,https://api.spotify.com/v1/audio-analysis/2sAmk7SFgXBbMXBcvK1t3D,0.337,265676,0.958,2sAmk7SFgXBbMXBcvK1t3D,0.118,0,0.134,-5.681,1,0.0506,185.06,3,https://api.spotify.com/v1/tracks/2sAmk7SFgXBbMXBcvK1t3D,audio_features,spotify:track:2sAmk7SFgXBbMXBcvK1t3D,0.614
11,War of Dragons,Bloodbound,264560,False,https://api.spotify.com/v1/tracks/3KkPHbFi3Rf7BRcRpjLskE,3KkPHbFi3Rf7BRcRpjLskE,Battle in the Sky,40,https://p.scdn.co/mp3-preview/1a664a54d2b3cf8d2ea485c169852a365de0f754?cid=452833d434b043269289f61fa9bfbf09,2,track,spotify:track:3KkPHbFi3Rf7BRcRpjLskE,0.000693,https://api.spotify.com/v1/audio-analysis/3KkPHbFi3Rf7BRcRpjLskE,0.446,264560,0.978,3KkPHbFi3Rf7BRcRpjLskE,3.72e-06,9,0.393,-3.52,1,0.0985,159.933,4,https://api.spotify.com/v1/tracks/3KkPHbFi3Rf7BRcRpjLskE,audio_features,spotify:track:3KkPHbFi3Rf7BRcRpjLskE,0.183
12,Aeronautics,Masterplan,295373,False,https://api.spotify.com/v1/tracks/2UVxYinhlXXOnqzZm0wabj,2UVxYinhlXXOnqzZm0wabj,Headbangers Ballroom,0,,5,track,spotify:track:2UVxYinhlXXOnqzZm0wabj,2.36e-06,https://api.spotify.com/v1/audio-analysis/2UVxYinhlXXOnqzZm0wabj,0.417,295373,0.902,2UVxYinhlXXOnqzZm0wabj,0.0151,11,0.08,-5.638,1,0.0424,145.039,3,https://api.spotify.com/v1/tracks/2UVxYinhlXXOnqzZm0wabj,audio_features,spotify:track:2UVxYinhlXXOnqzZm0wabj,0.601
13,Secrets Brought To Life,Days Of Jupiter,187400,False,https://api.spotify.com/v1/tracks/1COgBLG6bc5ECSlDMLOwxO,1COgBLG6bc5ECSlDMLOwxO,Bleed,31,,1,track,spotify:track:1COgBLG6bc5ECSlDMLOwxO,0.000202,https://api.spotify.com/v1/audio-analysis/1COgBLG6bc5ECSlDMLOwxO,0.495,187400,0.949,1COgBLG6bc5ECSlDMLOwxO,0.0,7,0.385,-4.595,1,0.0731,92.004,4,https://api.spotify.com/v1/tracks/1COgBLG6bc5ECSlDMLOwxO,audio_features,spotify:track:1COgBLG6bc5ECSlDMLOwxO,0.404
14,Unisonic,Unisonic,205866,False,https://api.spotify.com/v1/tracks/7fkcqrzdbgIa4vthgYN3vs,7fkcqrzdbgIa4vthgYN3vs,Unisonic,39,https://p.scdn.co/mp3-preview/9862a0aa7294789a81e7adf43cb50d44e013b784?cid=452833d434b043269289f61fa9bfbf09,1,track,spotify:track:7fkcqrzdbgIa4vthgYN3vs,0.000176,https://api.spotify.com/v1/audio-analysis/7fkcqrzdbgIa4vthgYN3vs,0.483,205867,0.998,7fkcqrzdbgIa4vthgYN3vs,4.68e-06,4,0.264,-3.205,0,0.125,112.489,4,https://api.spotify.com/v1/tracks/7fkcqrzdbgIa4vthgYN3vs,audio_features,spotify:track:7fkcqrzdbgIa4vthgYN3vs,0.144
15,Put Me to Shame,Tokyo Motor Fist,262578,False,https://api.spotify.com/v1/tracks/4frobh334OWRI8v5GdpNOk,4frobh334OWRI8v5GdpNOk,Put Me to Shame,31,https://p.scdn.co/mp3-preview/f0d7e0bfe3b63597ce2577c4761ce4ff2ba092c5?cid=452833d434b043269289f61fa9bfbf09,1,track,spotify:track:4frobh334OWRI8v5GdpNOk,0.00399,https://api.spotify.com/v1/audio-analysis/4frobh334OWRI8v5GdpNOk,0.489,262579,0.978,4frobh334OWRI8v5GdpNOk,0.0,8,0.265,-3.567,0,0.0857,132.904,4,https://api.spotify.com/v1/tracks/4frobh334OWRI8v5GdpNOk,audio_features,spotify:track:4frobh334OWRI8v5GdpNOk,0.393
16,The Beauty of Destruction,Devil You Know,222960,False,https://api.spotify.com/v1/tracks/5jgHpdKFoczjk3b79tVUYn,5jgHpdKFoczjk3b79tVUYn,Seven Years Alone,29,https://p.scdn.co/mp3-preview/90bc103135b930eac51aaf80199f2ab17299d9c8?cid=452833d434b043269289f61fa9bfbf09,5,track,spotify:track:5jgHpdKFoczjk3b79tVUYn,0.00392,https://api.spotify.com/v1/audio-analysis/5jgHpdKFoczjk3b79tVUYn,0.491,222960,0.988,5jgHpdKFoczjk3b79tVUYn,0.00222,1,0.228,-2.71,0,0.17,107.481,4,https://api.spotify.com/v1/tracks/5jgHpdKFoczjk3b79tVUYn,audio_features,spotify:track:5jgHpdKFoczjk3b79tVUYn,0.249
17,Memento Mori,Gemini Syndrome,225263,False,https://api.spotify.com/v1/tracks/2iQoaliksvoEBhldqjYPgL,2iQoaliksvoEBhldqjYPgL,Remember We Die,53,https://p.scdn.co/mp3-preview/eb53c42e3af95143c637e297c94d4140d50d4c5a?cid=452833d434b043269289f61fa9bfbf09,2,track,spotify:track:2iQoaliksvoEBhldqjYPgL,0.000367,https://api.spotify.com/v1/audio-analysis/2iQoaliksvoEBhldqjYPgL,0.497,225263,0.978,2iQoaliksvoEBhldqjYPgL,0.0,11,0.389,-4.356,0,0.072,92.022,4,https://api.spotify.com/v1/tracks/2iQoaliksvoEBhldqjYPgL,audio_features,spotify:track:2iQoaliksvoEBhldqjYPgL,0.686
18,Silence In The Snow,Trivium,220416,False,https://api.spotify.com/v1/tracks/1EETJSnmmDBjxTkF5wtZYQ,1EETJSnmmDBjxTkF5wtZYQ,Silence In the Snow,40,https://p.scdn.co/mp3-preview/9a56c5d279932d6363b855703567d9364c000d99?cid=452833d434b043269289f61fa9bfbf09,1,track,spotify:track:1EETJSnmmDBjxTkF5wtZYQ,3e-05,https://api.spotify.com/v1/audio-analysis/1EETJSnmmDBjxTkF5wtZYQ,0.311,220416,0.955,1EETJSnmmDBjxTkF5wtZYQ,0.00622,10,0.106,-7.298,0,0.0803,113.148,4,https://api.spotify.com/v1/tracks/1EETJSnmmDBjxTkF5wtZYQ,audio_features,spotify:track:1EETJSnmmDBjxTkF5wtZYQ,0.131
19,The Animal Promo,Wild Lies,255000,False,https://api.spotify.com/v1/tracks/2xF4zIYd0PzZTDGWyNtd44,2xF4zIYd0PzZTDGWyNtd44,Can't Carry On,33,https://p.scdn.co/mp3-preview/77b96743e7287416eee296493bcd5944c23ab613?cid=452833d434b043269289f61fa9bfbf09,3,track,spotify:track:2xF4zIYd0PzZTDGWyNtd44,0.000173,https://api.spotify.com/v1/audio-analysis/2xF4zIYd0PzZTDGWyNtd44,0.405,255000,0.947,2xF4zIYd0PzZTDGWyNtd44,0.137,6,0.183,-3.545,0,0.0672,95.105,3,https://api.spotify.com/v1/tracks/2xF4zIYd0PzZTDGWyNtd44,audio_features,spotify:track:2xF4zIYd0PzZTDGWyNtd44,0.348
20,Infinite,Stratovarius,248866,False,https://api.spotify.com/v1/tracks/1vDJE9fE7FB8proknu3u8E,1vDJE9fE7FB8proknu3u8E,Hunting High And Low,51,https://p.scdn.co/mp3-preview/99e9e8da4100449f74a0bb98384eb97a9f520968?cid=452833d434b043269289f61fa9bfbf09,1,track,spotify:track:1vDJE9fE7FB8proknu3u8E,0.000163,https://api.spotify.com/v1/audio-analysis/1vDJE9fE7FB8proknu3u8E,0.505,248867,0.978,1vDJE9fE7FB8proknu3u8E,0.268,6,0.346,-3.166,0,0.11,93.793,4,https://api.spotify.com/v1/tracks/1vDJE9fE7FB8proknu3u8E,audio_features,spotify:track:1vDJE9fE7FB8proknu3u8E,0.385
21,Walk Again,BrokenRail,209393,True,https://api.spotify.com/v1/tracks/1Yf6xbi1dJVdiKoWwxL1Ti,1Yf6xbi1dJVdiKoWwxL1Ti,Walk Again,39,https://p.scdn.co/mp3-preview/e24a7dd490bb8e8a2cb1e9b059edce7337799a36?cid=452833d434b043269289f61fa9bfbf09,1,track,spotify:track:1Yf6xbi1dJVdiKoWwxL1Ti,4.07e-05,https://api.spotify.com/v1/audio-analysis/1Yf6xbi1dJVdiKoWwxL1Ti,0.484,209394,0.996,1Yf6xbi1dJVdiKoWwxL1Ti,0.0,6,0.375,-1.465,1,0.142,105.01,4,https://api.spotify.com/v1/tracks/1Yf6xbi1dJVdiKoWwxL1Ti,audio_features,spotify:track:1Yf6xbi1dJVdiKoWwxL1Ti,0.303
22,The Moon and the Fool,Cold Kingdom,241560,False,https://api.spotify.com/v1/tracks/74XK6loeWil2omwM9VMZdi,74XK6loeWil2omwM9VMZdi,Let It Burn,47,https://p.scdn.co/mp3-preview/c1f1f55b98393040f7bb47c20be3038d270b60ac?cid=452833d434b043269289f61fa9bfbf09,8,track,spotify:track:74XK6loeWil2omwM9VMZdi,0.000173,https://api.spotify.com/v1/audio-analysis/74XK6loeWil2omwM9VMZdi,0.341,241560,0.912,74XK6loeWil2omwM9VMZdi,0.0,6,0.216,-5.465,1,0.0936,170.057,4,https://api.spotify.com/v1/tracks/74XK6loeWil2omwM9VMZdi,audio_features,spotify:track:74XK6loeWil2omwM9VMZdi,0.351
23,The Storm Within,"Evergrey, Floor Jansen",338000,False,https://api.spotify.com/v1/tracks/0qAlAfnqtWuZtrvvc1zwoA,0qAlAfnqtWuZtrvvc1zwoA,In Orbit,43,https://p.scdn.co/mp3-preview/87369e3aa03ee1c39eae21561c8cd9d5f03bfcca?cid=452833d434b043269289f61fa9bfbf09,7,track,spotify:track:0qAlAfnqtWuZtrvvc1zwoA,0.00155,https://api.spotify.com/v1/audio-analysis/0qAlAfnqtWuZtrvvc1zwoA,0.498,338000,0.952,0qAlAfnqtWuZtrvvc1zwoA,4.65e-05,4,0.122,-5.426,0,0.0704,132.942,4,https://api.spotify.com/v1/tracks/0qAlAfnqtWuZtrvvc1zwoA,audio_features,spotify:track:0qAlAfnqtWuZtrvvc1zwoA,0.405
24,Lost,Mile,266960,True,https://api.spotify.com/v1/tracks/65PdyTHBhbcZhZvlIol38M,65PdyTHBhbcZhZvlIol38M,Lost,29,,10,track,spotify:track:65PdyTHBhbcZhZvlIol38M,0.000125,https://api.spotify.com/v1/audio-analysis/65PdyTHBhbcZhZvlIol38M,0.511,266960,0.95,65PdyTHBhbcZhZvlIol38M,4.68e-05,10,0.14,-1.996,0,0.052,82.48,4,https://api.spotify.com/v1/tracks/65PdyTHBhbcZhZvlIol38M,audio_features,spotify:track:65PdyTHBhbcZhZvlIol38M,0.507
25,Unto The Locust (Special Edition),Machine Head,387840,False,https://api.spotify.com/v1/tracks/0bHYX16vAFaFhtEqKhCeqg,0bHYX16vAFaFhtEqKhCeqg,Darkness Within,51,https://p.scdn.co/mp3-preview/841db4dcc263cb8014888f3523b72e56b7c0781d?cid=452833d434b043269289f61fa9bfbf09,5,track,spotify:track:0bHYX16vAFaFhtEqKhCeqg,0.0121,https://api.spotify.com/v1/audio-analysis/0bHYX16vAFaFhtEqKhCeqg,0.269,387840,0.903,0bHYX16vAFaFhtEqKhCeqg,4.14e-05,7,0.0971,-5.705,1,0.175,149.757,4,https://api.spotify.com/v1/tracks/0bHYX16vAFaFhtEqKhCeqg,audio_features,spotify:track:0bHYX16vAFaFhtEqKhCeqg,0.0974
26,Legacy of Kings,Hammerfall,342026,False,https://api.spotify.com/v1/tracks/3VR7UTfSiRtXFz4B7cYWwF,3VR7UTfSiRtXFz4B7cYWwF,Dreamland,20,https://p.scdn.co/mp3-preview/5a5732bc62c2eb3d28148d21c16e58d6a92f54c0?cid=452833d434b043269289f61fa9bfbf09,4,track,spotify:track:3VR7UTfSiRtXFz4B7cYWwF,2.2e-05,https://api.spotify.com/v1/audio-analysis/3VR7UTfSiRtXFz4B7cYWwF,0.51,342027,0.993,3VR7UTfSiRtXFz4B7cYWwF,0.0224,6,0.22,-5.895,1,0.086,139.942,4,https://api.spotify.com/v1/tracks/3VR7UTfSiRtXFz4B7cYWwF,audio_features,spotify:track:3VR7UTfSiRtXFz4B7cYWwF,0.372
27,Lucky,Eve To Adam,191140,False,https://api.spotify.com/v1/tracks/3pYePK10TNQN8UXDS5J9SE,3pYePK10TNQN8UXDS5J9SE,Lucky,32,https://p.scdn.co/mp3-preview/4eadcc5725399d63bb34bc48847200212088129e?cid=452833d434b043269289f61fa9bfbf09,1,track,spotify:track:3pYePK10TNQN8UXDS5J9SE,5.43e-06,https://api.spotify.com/v1/audio-analysis/3pYePK10TNQN8UXDS5J9SE,0.472,191141,0.989,3pYePK10TNQN8UXDS5J9SE,0.00175,8,0.268,-3.9,1,0.1,129.994,4,https://api.spotify.com/v1/tracks/3pYePK10TNQN8UXDS5J9SE,audio_features,spotify:track:3pYePK10TNQN8UXDS5J9SE,0.217
28,A Decade And A Half,Evergrey,253013,False,https://api.spotify.com/v1/tracks/5gSPxCyEUA4Lj9RE16wgwB,5gSPxCyEUA4Lj9RE16wgwB,More Than Ever,0,,7,track,spotify:track:5gSPxCyEUA4Lj9RE16wgwB,3.57e-05,https://api.spotify.com/v1/audio-analysis/5gSPxCyEUA4Lj9RE16wgwB,0.518,253013,0.934,5gSPxCyEUA4Lj9RE16wgwB,0.00414,10,0.109,-3.139,1,0.0489,130.04,4,https://api.spotify.com/v1/tracks/5gSPxCyEUA4Lj9RE16wgwB,audio_features,spotify:track:5gSPxCyEUA4Lj9RE16wgwB,0.436
29,Master Of Light,Freedom Call,292146,False,https://api.spotify.com/v1/tracks/4ZYiE0Y1FttXgTqgZek4Kf,4ZYiE0Y1FttXgTqgZek4Kf,Metal Is For Everyone,41,https://p.scdn.co/mp3-preview/33e0c32ffcdd838c7520be1f8ae87cad3ebe5f48?cid=452833d434b043269289f61fa9bfbf09,1,track,spotify:track:4ZYiE0Y1FttXgTqgZek4Kf,0.000153,https://api.spotify.com/v1/audio-analysis/4ZYiE0Y1FttXgTqgZek4Kf,0.35,292147,0.967,4ZYiE0Y1FttXgTqgZek4Kf,0.117,11,0.258,-3.388,1,0.1,153.656,4,https://api.spotify.com/v1/tracks/4ZYiE0Y1FttXgTqgZek4Kf,audio_features,spotify:track:4ZYiE0Y1FttXgTqgZek4Kf,0.467
30,Grand Illusion,Nocturnal Rites,242626,False,https://api.spotify.com/v1/tracks/09OnB8xeghs8FRnu4dJKmU,09OnB8xeghs8FRnu4dJKmU,Still Alive,37,https://p.scdn.co/mp3-preview/8c54d80659447d092ae9049223d4202177d3e34f?cid=452833d434b043269289f61fa9bfbf09,3,track,spotify:track:09OnB8xeghs8FRnu4dJKmU,6.97e-06,https://api.spotify.com/v1/audio-analysis/09OnB8xeghs8FRnu4dJKmU,0.284,242627,0.892,09OnB8xeghs8FRnu4dJKmU,0.00357,10,0.119,-4.326,0,0.0446,169.943,4,https://api.spotify.com/v1/tracks/09OnB8xeghs8FRnu4dJKmU,audio_features,spotify:track:09OnB8xeghs8FRnu4dJKmU,0.671
31,Breaking the Surface,Meridian,296613,False,https://api.spotify.com/v1/tracks/10kEDmWN6E6Jtst0vNGtze,10kEDmWN6E6Jtst0vNGtze,Hero Forever,29,https://p.scdn.co/mp3-preview/680b1d2eb78285436e32364fcd498a891708509c?cid=452833d434b043269289f61fa9bfbf09,2,track,spotify:track:10kEDmWN6E6Jtst0vNGtze,1.17e-05,https://api.spotify.com/v1/audio-analysis/10kEDmWN6E6Jtst0vNGtze,0.252,296613,0.955,10kEDmWN6E6Jtst0vNGtze,3.78e-06,1,0.0687,-5.261,0,0.257,129.936,4,https://api.spotify.com/v1/tracks/10kEDmWN6E6Jtst0vNGtze,audio_features,spotify:track:10kEDmWN6E6Jtst0vNGtze,0.337
32,The Raven Age,The Raven Age,328000,False,https://api.spotify.com/v1/tracks/2yoCtR2C0sMFgII70RosuY,2yoCtR2C0sMFgII70RosuY,Angel In Disgrace,2,,4,track,spotify:track:2yoCtR2C0sMFgII70RosuY,0.000435,https://api.spotify.com/v1/audio-analysis/2yoCtR2C0sMFgII70RosuY,0.433,328000,0.996,2yoCtR2C0sMFgII70RosuY,0.000173,11,0.0832,-1.754,1,0.151,171.985,4,https://api.spotify.com/v1/tracks/2yoCtR2C0sMFgII70RosuY,audio_features,spotify:track:2yoCtR2C0sMFgII70RosuY,0.0634
33,Thunderdome,Pink Cream 69,286293,False,https://api.spotify.com/v1/tracks/3dgoHoDwMd6g9RjXsYM9Jn,3dgoHoDwMd6g9RjXsYM9Jn,Gods Come Together,0,,3,track,spotify:track:3dgoHoDwMd6g9RjXsYM9Jn,0.000672,https://api.spotify.com/v1/audio-analysis/3dgoHoDwMd6g9RjXsYM9Jn,0.45,286293,0.96,3dgoHoDwMd6g9RjXsYM9Jn,1.75e-05,6,0.226,-3.097,1,0.0541,149.987,4,https://api.spotify.com/v1/tracks/3dgoHoDwMd6g9RjXsYM9Jn,audio_features,spotify:track:3dgoHoDwMd6g9RjXsYM9Jn,0.486
34,Plains Of Oblivion,Jeff Loomis,301013,False,https://api.spotify.com/v1/tracks/47ENFnI73HDZyMYZzfE8cH,47ENFnI73HDZyMYZzfE8cH,Tragedy And Harmony,0,,4,track,spotify:track:47ENFnI73HDZyMYZzfE8cH,4.12e-06,https://api.spotify.com/v1/audio-analysis/47ENFnI73HDZyMYZzfE8cH,0.474,301013,0.972,47ENFnI73HDZyMYZzfE8cH,0.0222,1,0.098,-4.799,1,0.143,135.05,4,https://api.spotify.com/v1/tracks/47ENFnI73HDZyMYZzfE8cH,audio_features,spotify:track:47ENFnI73HDZyMYZzfE8cH,0.409
35,Chapters from a Vale Forlorn,Falconer,347626,False,https://api.spotify.com/v1/tracks/76jaUC95i1VXRmgVHY9Lh3,76jaUC95i1VXRmgVHY9Lh3,The Clarion Call,48,https://p.scdn.co/mp3-preview/b352a07fa9256ce0f8fa877b059bd62f2c94f65e?cid=452833d434b043269289f61fa9bfbf09,6,track,spotify:track:76jaUC95i1VXRmgVHY9Lh3,0.00444,https://api.spotify.com/v1/audio-analysis/76jaUC95i1VXRmgVHY9Lh3,0.269,347627,0.811,76jaUC95i1VXRmgVHY9Lh3,0.0,7,0.046,-3.691,0,0.0515,173.549,4,https://api.spotify.com/v1/tracks/76jaUC95i1VXRmgVHY9Lh3,audio_features,spotify:track:76jaUC95i1VXRmgVHY9Lh3,0.485
36,Dukebox,Jorn,336813,False,https://api.spotify.com/v1/tracks/5cchzU1igYAggOulRcD9Sn,5cchzU1igYAggOulRcD9Sn,Blacksong,0,,14,track,spotify:track:5cchzU1igYAggOulRcD9Sn,7.91e-05,https://api.spotify.com/v1/audio-analysis/5cchzU1igYAggOulRcD9Sn,0.442,336813,0.954,5cchzU1igYAggOulRcD9Sn,0.000273,9,0.327,-3.77,0,0.0558,114.788,4,https://api.spotify.com/v1/tracks/5cchzU1igYAggOulRcD9Sn,audio_features,spotify:track:5cchzU1igYAggOulRcD9Sn,0.343
37,Russell Allen's Atomic Soul,Russell Allen,265706,False,https://api.spotify.com/v1/tracks/3RibUaFtblDwDJNX08AEk3,3RibUaFtblDwDJNX08AEk3,Blackout,29,https://p.scdn.co/mp3-preview/510fc32c9e70c4005be2d57eb119f655f6b6363d?cid=452833d434b043269289f61fa9bfbf09,1,track,spotify:track:3RibUaFtblDwDJNX08AEk3,0.0134,https://api.spotify.com/v1/audio-analysis/3RibUaFtblDwDJNX08AEk3,0.399,265707,0.91,3RibUaFtblDwDJNX08AEk3,4.62e-05,2,0.297,-5.07,1,0.121,142.819,4,https://api.spotify.com/v1/tracks/3RibUaFtblDwDJNX08AEk3,audio_features,spotify:track:3RibUaFtblDwDJNX08AEk3,0.504
38,Katharsis,Shear,278890,False,https://api.spotify.com/v1/tracks/3BD65moylQUqAEnhQCcogY,3BD65moylQUqAEnhQCcogY,Last Warning,30,https://p.scdn.co/mp3-preview/72628cf1f3a722abe69b2af176d813bae2fa643a?cid=452833d434b043269289f61fa9bfbf09,2,track,spotify:track:3BD65moylQUqAEnhQCcogY,0.00222,https://api.spotify.com/v1/audio-analysis/3BD65moylQUqAEnhQCcogY,0.458,278891,0.931,3BD65moylQUqAEnhQCcogY,0.0,5,0.233,-4.436,0,0.0714,152.131,4,https://api.spotify.com/v1/tracks/3BD65moylQUqAEnhQCcogY,audio_features,spotify:track:3BD65moylQUqAEnhQCcogY,0.323
39,Disconnected,Fates Warning,266413,False,https://api.spotify.com/v1/tracks/1SXaNlT88KkWotaPlJwosb,1SXaNlT88KkWotaPlJwosb,One,38,https://p.scdn.co/mp3-preview/bd0358335b64b21051cc2d02d3f01ab4202cc140?cid=452833d434b043269289f61fa9bfbf09,2,track,spotify:track:1SXaNlT88KkWotaPlJwosb,0.0018,https://api.spotify.com/v1/audio-analysis/1SXaNlT88KkWotaPlJwosb,0.528,266413,0.879,1SXaNlT88KkWotaPlJwosb,0.000111,9,0.209,-5.343,1,0.0545,90.062,3,https://api.spotify.com/v1/tracks/1SXaNlT88KkWotaPlJwosb,audio_features,spotify:track:1SXaNlT88KkWotaPlJwosb,0.544
40,Ecliptica (2008 Edition),Sonata Arctica,294986,False,https://api.spotify.com/v1/tracks/5Q964CEfbwUO0xXGrIzQoI,5Q964CEfbwUO0xXGrIzQoI,Replica,46,,4,track,spotify:track:5Q964CEfbwUO0xXGrIzQoI,0.000567,https://api.spotify.com/v1/audio-analysis/5Q964CEfbwUO0xXGrIzQoI,0.212,294986,0.81,5Q964CEfbwUO0xXGrIzQoI,0.0,1,0.233,-4.506,0,0.0363,81.903,4,https://api.spotify.com/v1/tracks/5Q964CEfbwUO0xXGrIzQoI,audio_features,spotify:track:5Q964CEfbwUO0xXGrIzQoI,0.21
41,Cold Winter Sun,Demon Hunter,205786,False,https://api.spotify.com/v1/tracks/1TnmR2CWvNOxJFvXrRs9t7,1TnmR2CWvNOxJFvXrRs9t7,Cold Winter Sun,35,https://p.scdn.co/mp3-preview/ab95c40d265754daecdebfeff9f9782321ccbfb3?cid=452833d434b043269289f61fa9bfbf09,1,track,spotify:track:1TnmR2CWvNOxJFvXrRs9t7,7.85e-05,https://api.spotify.com/v1/audio-analysis/1TnmR2CWvNOxJFvXrRs9t7,0.52,205787,0.946,1TnmR2CWvNOxJFvXrRs9t7,0.0703,1,0.0562,-3.311,0,0.138,114.997,4,https://api.spotify.com/v1/tracks/1TnmR2CWvNOxJFvXrRs9t7,audio_features,spotify:track:1TnmR2CWvNOxJFvXrRs9t7,0.403
42,The Uncrowned,Last Tribe,321893,False,https://api.spotify.com/v1/tracks/5ZA54xxNigSG2bsc2try0j,5ZA54xxNigSG2bsc2try0j,Healer,28,https://p.scdn.co/mp3-preview/76ec432e6a94120724dafc7dfd838e99a37224d6?cid=452833d434b043269289f61fa9bfbf09,1,track,spotify:track:5ZA54xxNigSG2bsc2try0j,6.89e-06,https://api.spotify.com/v1/audio-analysis/5ZA54xxNigSG2bsc2try0j,0.317,321893,0.929,5ZA54xxNigSG2bsc2try0j,0.000697,8,0.038,-3.718,1,0.0929,160.086,4,https://api.spotify.com/v1/tracks/5ZA54xxNigSG2bsc2try0j,audio_features,spotify:track:5ZA54xxNigSG2bsc2try0j,0.184
43,The Blessed And The Damned,Iced Earth,223560,False,https://api.spotify.com/v1/tracks/3jq0ula2HD54lHumVcEx8b,3jq0ula2HD54lHumVcEx8b,Burning Times,0,,1,track,spotify:track:3jq0ula2HD54lHumVcEx8b,4e-05,https://api.spotify.com/v1/audio-analysis/3jq0ula2HD54lHumVcEx8b,0.536,223560,0.993,3jq0ula2HD54lHumVcEx8b,8.83e-05,3,0.0804,-4.597,0,0.0981,140.079,4,https://api.spotify.com/v1/tracks/3jq0ula2HD54lHumVcEx8b,audio_features,spotify:track:3jq0ula2HD54lHumVcEx8b,0.405
44,Venus,Hemina,212454,False,https://api.spotify.com/v1/tracks/3qWmyQSoTA31BClpE4jyQq,3qWmyQSoTA31BClpE4jyQq,The Collective Unconscious,28,https://p.scdn.co/mp3-preview/7ff5a8cbf9ad42b77f3b53bddcd50b5c25fa7e46?cid=452833d434b043269289f61fa9bfbf09,6,track,spotify:track:3qWmyQSoTA31BClpE4jyQq,0.00148,https://api.spotify.com/v1/audio-analysis/3qWmyQSoTA31BClpE4jyQq,0.479,212455,0.954,3qWmyQSoTA31BClpE4jyQq,0.132,4,0.364,-5.634,0,0.0969,160.025,4,https://api.spotify.com/v1/tracks/3qWmyQSoTA31BClpE4jyQq,audio_features,spotify:track:3qWmyQSoTA31BClpE4jyQq,0.433
45,Lost for Life,Burnclear,230080,False,https://api.spotify.com/v1/tracks/166Jkc8Bbe9hJdQqGe6XVX,166Jkc8Bbe9hJdQqGe6XVX,Eventide,28,https://p.scdn.co/mp3-preview/cc91615974385334b7e095c94c3bac4619c1cd84?cid=452833d434b043269289f61fa9bfbf09,2,track,spotify:track:166Jkc8Bbe9hJdQqGe6XVX,0.000938,https://api.spotify.com/v1/audio-analysis/166Jkc8Bbe9hJdQqGe6XVX,0.501,230080,0.926,166Jkc8Bbe9hJdQqGe6XVX,0.0,2,0.127,-5.359,0,0.0578,120.01,4,https://api.spotify.com/v1/tracks/166Jkc8Bbe9hJdQqGe6XVX,audio_features,spotify:track:166Jkc8Bbe9hJdQqGe6XVX,0.57
46,Divided We Fall,Flaw,190253,False,https://api.spotify.com/v1/tracks/5THZ7kOiB7uJSIIz7yPv8Y,5THZ7kOiB7uJSIIz7yPv8Y,Live and Breathe,43,https://p.scdn.co/mp3-preview/c22b302dd25ba8a4f691b62f6dabb5911c7de6e4?cid=452833d434b043269289f61fa9bfbf09,4,track,spotify:track:5THZ7kOiB7uJSIIz7yPv8Y,0.000224,https://api.spotify.com/v1/audio-analysis/5THZ7kOiB7uJSIIz7yPv8Y,0.349,190253,0.983,5THZ7kOiB7uJSIIz7yPv8Y,0.00013,7,0.308,-3.134,1,0.166,113.75,4,https://api.spotify.com/v1/tracks/5THZ7kOiB7uJSIIz7yPv8Y,audio_features,spotify:track:5THZ7kOiB7uJSIIz7yPv8Y,0.156
47,All I Was,Tremonti,227288,False,https://api.spotify.com/v1/tracks/2syJXbgpLC88qJBQLWajTa,2syJXbgpLC88qJBQLWajTa,You Waste Your Time,40,https://p.scdn.co/mp3-preview/7dfafa89e6e0ed309804a5ca2097b894fa3895fb?cid=452833d434b043269289f61fa9bfbf09,6,track,spotify:track:2syJXbgpLC88qJBQLWajTa,1.29e-05,https://api.spotify.com/v1/audio-analysis/2syJXbgpLC88qJBQLWajTa,0.295,227288,0.977,2syJXbgpLC88qJBQLWajTa,0.0198,1,0.139,-4.134,1,0.158,97.045,4,https://api.spotify.com/v1/tracks/2syJXbgpLC88qJBQLWajTa,audio_features,spotify:track:2syJXbgpLC88qJBQLWajTa,0.223
48,Brotherhood of the Snake,Testament,278546,False,https://api.spotify.com/v1/tracks/3DtFVNwlyB40V8lrbZvMnO,3DtFVNwlyB40V8lrbZvMnO,The Number Game,25,https://p.scdn.co/mp3-preview/116bc9eeb16679cc91ecc2fb8d8593a475d3c96f?cid=452833d434b043269289f61fa9bfbf09,10,track,spotify:track:3DtFVNwlyB40V8lrbZvMnO,3.61e-05,https://api.spotify.com/v1/audio-analysis/3DtFVNwlyB40V8lrbZvMnO,0.311,278547,0.988,3DtFVNwlyB40V8lrbZvMnO,0.151,10,0.103,-3.301,0,0.141,104.788,4,https://api.spotify.com/v1/tracks/3DtFVNwlyB40V8lrbZvMnO,audio_features,spotify:track:3DtFVNwlyB40V8lrbZvMnO,0.298
49,New World Messiah,Nocturnal Rites,328333,False,https://api.spotify.com/v1/tracks/50YhFX77yQc7t9NCvqjrwq,50YhFX77yQc7t9NCvqjrwq,Awakening,39,https://p.scdn.co/mp3-preview/8e05121de8819b5a26f0b04c5143bdd5ab10c203?cid=452833d434b043269289f61fa9bfbf09,4,track,spotify:track:50YhFX77yQc7t9NCvqjrwq,0.000555,https://api.spotify.com/v1/audio-analysis/50YhFX77yQc7t9NCvqjrwq,0.476,328333,0.977,50YhFX77yQc7t9NCvqjrwq,1.53e-05,8,0.257,-4.061,1,0.0787,163.025,4,https://api.spotify.com/v1/tracks/50YhFX77yQc7t9NCvqjrwq,audio_features,spotify:track:50YhFX77yQc7t9NCvqjrwq,0.387
50,Healed By Metal,Grave Digger,234186,False,https://api.spotify.com/v1/tracks/7g3cQPQgAaFSXEJLHFsAQX,7g3cQPQgAaFSXEJLHFsAQX,When Night Falls,33,https://p.scdn.co/mp3-preview/3642b146be41f577019a073c41c3afc04172a88f?cid=452833d434b043269289f61fa9bfbf09,2,track,spotify:track:7g3cQPQgAaFSXEJLHFsAQX,0.000177,https://api.spotify.com/v1/audio-analysis/7g3cQPQgAaFSXEJLHFsAQX,0.523,234187,0.996,7g3cQPQgAaFSXEJLHFsAQX,4.49e-05,2,0.36,-3.85,1,0.0912,149.967,4,https://api.spotify.com/v1/tracks/7g3cQPQgAaFSXEJLHFsAQX,audio_features,spotify:track:7g3cQPQgAaFSXEJLHFsAQX,0.0653
52,Stories,Rains,212613,True,https://api.spotify.com/v1/tracks/6NPt00XaWeseLF2cL0pSM1,6NPt00XaWeseLF2cL0pSM1,Pressure,39,https://p.scdn.co/mp3-preview/efc22d2516baab0b67251ce2dde03ce839cc4857?cid=452833d434b043269289f61fa9bfbf09,6,track,spotify:track:6NPt00XaWeseLF2cL0pSM1,0.000537,https://api.spotify.com/v1/audio-analysis/6NPt00XaWeseLF2cL0pSM1,0.495,212613,0.895,6NPt00XaWeseLF2cL0pSM1,0.138,3,0.238,-3.881,0,0.0331,160.076,4,https://api.spotify.com/v1/tracks/6NPt00XaWeseLF2cL0pSM1,audio_features,spotify:track:6NPt00XaWeseLF2cL0pSM1,0.605
53,The Last Hero,Alter Bridge,300777,False,https://api.spotify.com/v1/tracks/4tW4eeqaYwieH1Y5TvZAzO,4tW4eeqaYwieH1Y5TvZAzO,Island Of Fools,35,,12,track,spotify:track:4tW4eeqaYwieH1Y5TvZAzO,3.45e-06,https://api.spotify.com/v1/audio-analysis/4tW4eeqaYwieH1Y5TvZAzO,0.468,300778,0.954,4tW4eeqaYwieH1Y5TvZAzO,0.000336,3,0.154,-5.447,1,0.108,108.0,3,https://api.spotify.com/v1/tracks/4tW4eeqaYwieH1Y5TvZAzO,audio_features,spotify:track:4tW4eeqaYwieH1Y5TvZAzO,0.16
54,Breaking the Illusion,Malrun,245803,False,https://api.spotify.com/v1/tracks/5hPc5SHlbNsLAYA9ZPz6aM,5hPc5SHlbNsLAYA9ZPz6aM,Breaking the Illusion,17,https://p.scdn.co/mp3-preview/7d9eb642ee9942ae12bd17a9f953406b4f2e1490?cid=452833d434b043269289f61fa9bfbf09,1,track,spotify:track:5hPc5SHlbNsLAYA9ZPz6aM,3.3e-05,https://api.spotify.com/v1/audio-analysis/5hPc5SHlbNsLAYA9ZPz6aM,0.185,245804,0.969,5hPc5SHlbNsLAYA9ZPz6aM,7.36e-05,6,0.204,-4.106,0,0.087,172.083,4,https://api.spotify.com/v1/tracks/5hPc5SHlbNsLAYA9ZPz6aM,audio_features,spotify:track:5hPc5SHlbNsLAYA9ZPz6aM,0.455
55,The Heart of the Matter,Triosphere,318841,False,https://api.spotify.com/v1/tracks/6FloFNn4PeuzzXUKvsxKsA,6FloFNn4PeuzzXUKvsxKsA,Breathless,32,https://p.scdn.co/mp3-preview/4b9598bbe107a57466a28819f7dc1c5a460b5ba9?cid=452833d434b043269289f61fa9bfbf09,4,track,spotify:track:6FloFNn4PeuzzXUKvsxKsA,0.000769,https://api.spotify.com/v1/audio-analysis/6FloFNn4PeuzzXUKvsxKsA,0.504,318841,0.913,6FloFNn4PeuzzXUKvsxKsA,0.0,3,0.323,-4.942,0,0.0721,74.997,4,https://api.spotify.com/v1/tracks/6FloFNn4PeuzzXUKvsxKsA,audio_features,spotify:track:6FloFNn4PeuzzXUKvsxKsA,0.492
56,Dystopia,Megadeth,255893,True,https://api.spotify.com/v1/tracks/7IVhAkmr7xdgRZYc1Thrna,7IVhAkmr7xdgRZYc1Thrna,Fatal Illusion,42,,3,track,spotify:track:7IVhAkmr7xdgRZYc1Thrna,7.41e-05,https://api.spotify.com/v1/audio-analysis/7IVhAkmr7xdgRZYc1Thrna,0.342,255893,0.984,7IVhAkmr7xdgRZYc1Thrna,0.00562,9,0.242,-3.573,0,0.384,123.791,4,https://api.spotify.com/v1/tracks/7IVhAkmr7xdgRZYc1Thrna,audio_features,spotify:track:7IVhAkmr7xdgRZYc1Thrna,0.134
57,Into The Labyrinth,Saxon,303906,False,https://api.spotify.com/v1/tracks/3GM0xXSvZFcBspltFsLMS3,3GM0xXSvZFcBspltFsLMS3,Valley of the Kings,0,,5,track,spotify:track:3GM0xXSvZFcBspltFsLMS3,0.00165,https://api.spotify.com/v1/audio-analysis/3GM0xXSvZFcBspltFsLMS3,0.399,303907,0.906,3GM0xXSvZFcBspltFsLMS3,5.19e-05,0,0.12,-4.57,0,0.0949,75.501,4,https://api.spotify.com/v1/tracks/3GM0xXSvZFcBspltFsLMS3,audio_features,spotify:track:3GM0xXSvZFcBspltFsLMS3,0.299
58,Hardwired,Metallica,191331,True,https://api.spotify.com/v1/tracks/01JszWYuKqRjddPQ4creVF,01JszWYuKqRjddPQ4creVF,Hardwired,53,https://p.scdn.co/mp3-preview/5ff5710435e69a27d9d84c962f859f602c63e77b?cid=452833d434b043269289f61fa9bfbf09,1,track,spotify:track:01JszWYuKqRjddPQ4creVF,1.15e-05,https://api.spotify.com/v1/audio-analysis/01JszWYuKqRjddPQ4creVF,0.13,191332,0.991,01JszWYuKqRjddPQ4creVF,0.00412,11,0.225,-3.126,1,0.0604,185.364,4,https://api.spotify.com/v1/tracks/01JszWYuKqRjddPQ4creVF,audio_features,spotify:track:01JszWYuKqRjddPQ4creVF,0.524
59,Ghosts of Insanity,"DGM, Tom Englund",335320,False,https://api.spotify.com/v1/tracks/0BDhDFAVt6Z13xHLxLLuj0,0BDhDFAVt6Z13xHLxLLuj0,Ghosts of Insanity,28,https://p.scdn.co/mp3-preview/9b98a233a9063e9b1eb8da75607c8144e28fd83e?cid=452833d434b043269289f61fa9bfbf09,1,track,spotify:track:0BDhDFAVt6Z13xHLxLLuj0,0.000377,https://api.spotify.com/v1/audio-analysis/0BDhDFAVt6Z13xHLxLLuj0,0.229,335320,0.989,0BDhDFAVt6Z13xHLxLLuj0,9.5e-06,10,0.42,-3.722,1,0.337,144.937,4,https://api.spotify.com/v1/tracks/0BDhDFAVt6Z13xHLxLLuj0,audio_features,spotify:track:0BDhDFAVt6Z13xHLxLLuj0,0.146
